{
  "id": "2460536",
  "name": "通用图标库",
  "font_family": "iconfont",
  "css_prefix_text": "icon",
  "description": "",
  "glyphs": [
    {
      "icon_id": "22149387",
      "name": "已过期",
      "font_class": "yiguoqi",
      "unicode": "e710",
      "unicode_decimal": 59152
    },
    {
      "icon_id": "22136269",
      "name": "顶级合作机构",
      "font_class": "dingjihezuojigou",
      "unicode": "e711",
      "unicode_decimal": 59153
    },
    {
      "icon_id": "22136270",
      "name": "查询用户",
      "font_class": "chaxunyonghu",
      "unicode": "e712",
      "unicode_decimal": 59154
    },
    {
      "icon_id": "22136271",
      "name": "管理员用户",
      "font_class": "guanliyuanyonghu",
      "unicode": "e713",
      "unicode_decimal": 59155
    },
    {
      "icon_id": "22089945",
      "name": "箭头",
      "font_class": "jiantou",
      "unicode": "e70f",
      "unicode_decimal": 59151
    },
    {
      "icon_id": "21839899",
      "name": "分配",
      "font_class": "fenpei",
      "unicode": "e70e",
      "unicode_decimal": 59150
    },
    {
      "icon_id": "21835597",
      "name": "选中数据",
      "font_class": "xuanzhongshuju",
      "unicode": "e70d",
      "unicode_decimal": 59149
    },
    {
      "icon_id": "21776296",
      "name": "arrow_select_bottom",
      "font_class": "arrow_select_bottom",
      "unicode": "e709",
      "unicode_decimal": 59145
    },
    {
      "icon_id": "21776297",
      "name": "arrow_select_top",
      "font_class": "arrow_select_top",
      "unicode": "e70b",
      "unicode_decimal": 59147
    },
    {
      "icon_id": "21176451",
      "name": "用户运营-选中箭头",
      "font_class": "yonghuyunying-xuanzhongjiantou",
      "unicode": "e6f2",
      "unicode_decimal": 59122
    },
    {
      "icon_id": "21176452",
      "name": "用户运营-客户管理",
      "font_class": "yonghuyunying-kehuguanli",
      "unicode": "e6fc",
      "unicode_decimal": 59132
    },
    {
      "icon_id": "21176453",
      "name": "用户运营-数据审核",
      "font_class": "yonghuyunying-shujushenhe",
      "unicode": "e6fd",
      "unicode_decimal": 59133
    },
    {
      "icon_id": "21176454",
      "name": "用户运营-审核任务分配",
      "font_class": "yonghuyunying-shenherenwufenpei",
      "unicode": "e6fe",
      "unicode_decimal": 59134
    },
    {
      "icon_id": "21176455",
      "name": "用户运营-账号管理",
      "font_class": "yonghuyunying-zhanghaoguanli",
      "unicode": "e705",
      "unicode_decimal": 59141
    },
    {
      "icon_id": "21176456",
      "name": "用户运营-文书搜索",
      "font_class": "yonghuyunying-wenshusousuo",
      "unicode": "e707",
      "unicode_decimal": 59143
    },
    {
      "icon_id": "21176357",
      "name": "用户运营-待审核机构",
      "font_class": "yonghuyunying-daishenhejigou",
      "unicode": "e6ff",
      "unicode_decimal": 59135
    },
    {
      "icon_id": "21176358",
      "name": "用户运营-密码",
      "font_class": "yonghuyunying-mima1",
      "unicode": "e700",
      "unicode_decimal": 59136
    },
    {
      "icon_id": "21176359",
      "name": "用户运营-导出",
      "font_class": "yonghuyunying-daochu",
      "unicode": "e701",
      "unicode_decimal": 59137
    },
    {
      "icon_id": "21176360",
      "name": "用户运营-全部负责机构",
      "font_class": "yonghuyunying-quanbufuzejigou",
      "unicode": "e702",
      "unicode_decimal": 59138
    },
    {
      "icon_id": "21176361",
      "name": "用户运营-七日内导入债务人机构",
      "font_class": "yonghuyunying-qirineidaoruzhaiwurenjigou",
      "unicode": "e703",
      "unicode_decimal": 59139
    },
    {
      "icon_id": "21176362",
      "name": "用户运营-批量管理",
      "font_class": "yonghuyunying-piliangguanli",
      "unicode": "e704",
      "unicode_decimal": 59140
    },
    {
      "icon_id": "21176364",
      "name": "用户运营-全部试用机构",
      "font_class": "yonghuyunying-quanbushiyongjigou",
      "unicode": "e706",
      "unicode_decimal": 59142
    },
    {
      "icon_id": "21176366",
      "name": "用户运营-推送召回",
      "font_class": "yonghuyunying-tuisongzhaohui",
      "unicode": "e708",
      "unicode_decimal": 59144
    },
    {
      "icon_id": "21176368",
      "name": "用户运营-验证码",
      "font_class": "yonghuyunying-yanzhengma1",
      "unicode": "e70a",
      "unicode_decimal": 59146
    },
    {
      "icon_id": "21176370",
      "name": "用户运营-账号",
      "font_class": "yonghuyunying-zhanghao1",
      "unicode": "e70c",
      "unicode_decimal": 59148
    },
    {
      "icon_id": "20812287",
      "name": "以资抵债",
      "font_class": "yizidizhai",
      "unicode": "e6e8",
      "unicode_decimal": 59112
    },
    {
      "icon_id": "20812172",
      "name": "逾期余额统计",
      "font_class": "yuqiyuetongji",
      "unicode": "e6a1",
      "unicode_decimal": 59041
    },
    {
      "icon_id": "20812150",
      "name": "叹号-线",
      "font_class": "tanhao-xian",
      "unicode": "e683",
      "unicode_decimal": 59011
    },
    {
      "icon_id": "20812151",
      "name": "问号-线圈",
      "font_class": "wenhao-xianquan",
      "unicode": "e697",
      "unicode_decimal": 59031
    },
    {
      "icon_id": "20812115",
      "name": "问号-线",
      "font_class": "wenhao-xian1",
      "unicode": "e6fb",
      "unicode_decimal": 59131
    },
    {
      "icon_id": "20812025",
      "name": "催收管理",
      "font_class": "cuishouguanli",
      "unicode": "e6f3",
      "unicode_decimal": 59123
    },
    {
      "icon_id": "20812026",
      "name": "工作台",
      "font_class": "gongzuotai",
      "unicode": "e6f4",
      "unicode_decimal": 59124
    },
    {
      "icon_id": "20812027",
      "name": "绩效考核",
      "font_class": "jixiaokaohe",
      "unicode": "e6f5",
      "unicode_decimal": 59125
    },
    {
      "icon_id": "20812028",
      "name": "诉讼管理",
      "font_class": "susongguanli",
      "unicode": "e6f6",
      "unicode_decimal": 59126
    },
    {
      "icon_id": "20812029",
      "name": "客户综合视图",
      "font_class": "kehuzongheshitu",
      "unicode": "e6f7",
      "unicode_decimal": 59127
    },
    {
      "icon_id": "20812030",
      "name": "首页",
      "font_class": "shouye",
      "unicode": "e6f8",
      "unicode_decimal": 59128
    },
    {
      "icon_id": "20812031",
      "name": "数据统计",
      "font_class": "shujutongji",
      "unicode": "e6f9",
      "unicode_decimal": 59129
    },
    {
      "icon_id": "20812032",
      "name": "债权处置管理",
      "font_class": "zhaiquanchuzhiguanli",
      "unicode": "e6fa",
      "unicode_decimal": 59130
    },
    {
      "icon_id": "20811988",
      "name": "表内借据",
      "font_class": "biaoneijieju",
      "unicode": "e6d2",
      "unicode_decimal": 59090
    },
    {
      "icon_id": "20811989",
      "name": "表内90天控制指标",
      "font_class": "biaonei90tiankongzhizhibiao",
      "unicode": "e6d3",
      "unicode_decimal": 59091
    },
    {
      "icon_id": "20811990",
      "name": "核销清收",
      "font_class": "hexiaoqingshou",
      "unicode": "e6d4",
      "unicode_decimal": 59092
    },
    {
      "icon_id": "20811991",
      "name": "呆帐核销",
      "font_class": "daizhanghexiao",
      "unicode": "e6d5",
      "unicode_decimal": 59093
    },
    {
      "icon_id": "20811992",
      "name": "律所管理",
      "font_class": "lvsuoguanli",
      "unicode": "e6d6",
      "unicode_decimal": 59094
    },
    {
      "icon_id": "20811993",
      "name": "借据基本信息",
      "font_class": "jiejujibenxinxi",
      "unicode": "e6d7",
      "unicode_decimal": 59095
    },
    {
      "icon_id": "20811994",
      "name": "目标管理",
      "font_class": "mubiaoguanli",
      "unicode": "e6d8",
      "unicode_decimal": 59096
    },
    {
      "icon_id": "20811995",
      "name": "可起诉",
      "font_class": "keqisu",
      "unicode": "e6d9",
      "unicode_decimal": 59097
    },
    {
      "icon_id": "20811996",
      "name": "时效提醒",
      "font_class": "shixiaotixing",
      "unicode": "e6da",
      "unicode_decimal": 59098
    },
    {
      "icon_id": "20811997",
      "name": "利息减免",
      "font_class": "lixijianmian",
      "unicode": "e6db",
      "unicode_decimal": 59099
    },
    {
      "icon_id": "20811998",
      "name": "诉讼案件统计",
      "font_class": "susonganjiantongji",
      "unicode": "e6dc",
      "unicode_decimal": 59100
    },
    {
      "icon_id": "20811999",
      "name": "诉讼中",
      "font_class": "susongzhong",
      "unicode": "e6dd",
      "unicode_decimal": 59101
    },
    {
      "icon_id": "20812000",
      "name": "清收任务",
      "font_class": "qingshourenwu",
      "unicode": "e6de",
      "unicode_decimal": 59102
    },
    {
      "icon_id": "20812001",
      "name": "退费记录",
      "font_class": "tuifeijilu",
      "unicode": "e6df",
      "unicode_decimal": 59103
    },
    {
      "icon_id": "20812002",
      "name": "财产线索",
      "font_class": "caichanxiansuo",
      "unicode": "e6e0",
      "unicode_decimal": 59104
    },
    {
      "icon_id": "20812003",
      "name": "五级分类分布",
      "font_class": "wujifenleifenbu",
      "unicode": "e6e1",
      "unicode_decimal": 59105
    },
    {
      "icon_id": "20812004",
      "name": "日程管理",
      "font_class": "richengguanli",
      "unicode": "e6e2",
      "unicode_decimal": 59106
    },
    {
      "icon_id": "20812005",
      "name": "押品管理",
      "font_class": "yapinguanli",
      "unicode": "e6e3",
      "unicode_decimal": 59107
    },
    {
      "icon_id": "20812006",
      "name": "收支管理",
      "font_class": "shouzhiguanli",
      "unicode": "e6e4",
      "unicode_decimal": 59108
    },
    {
      "icon_id": "20812007",
      "name": "已完成",
      "font_class": "yiwancheng",
      "unicode": "e6e5",
      "unicode_decimal": 59109
    },
    {
      "icon_id": "20812008",
      "name": "逾期天数分布",
      "font_class": "yuqitianshufenbu",
      "unicode": "e6e6",
      "unicode_decimal": 59110
    },
    {
      "icon_id": "20812009",
      "name": "新增逾期统计",
      "font_class": "xinzengyuqitongji",
      "unicode": "e6e7",
      "unicode_decimal": 59111
    },
    {
      "icon_id": "20812011",
      "name": "已核销借据",
      "font_class": "yihexiaojieju",
      "unicode": "e6e9",
      "unicode_decimal": 59113
    },
    {
      "icon_id": "20812012",
      "name": "已转让借据 (反委托)",
      "font_class": "yizhuanrangjiejufanweituo",
      "unicode": "e6ea",
      "unicode_decimal": 59114
    },
    {
      "icon_id": "20812013",
      "name": "支出记录",
      "font_class": "zhichujilu",
      "unicode": "e6eb",
      "unicode_decimal": 59115
    },
    {
      "icon_id": "20812014",
      "name": "债权转让",
      "font_class": "zhaiquanzhuanrang",
      "unicode": "e6ec",
      "unicode_decimal": 59116
    },
    {
      "icon_id": "20812015",
      "name": "债务人信息",
      "font_class": "zhaiwurenxinxi",
      "unicode": "e6ed",
      "unicode_decimal": 59117
    },
    {
      "icon_id": "20812016",
      "name": "重组转贷",
      "font_class": "zhongzuzhuandai",
      "unicode": "e6ee",
      "unicode_decimal": 59118
    },
    {
      "icon_id": "20812017",
      "name": "债权处置",
      "font_class": "zhaiquanchuzhi",
      "unicode": "e6ef",
      "unicode_decimal": 59119
    },
    {
      "icon_id": "20812018",
      "name": "转让清收",
      "font_class": "zhuanrangqingshou",
      "unicode": "e6f0",
      "unicode_decimal": 59120
    },
    {
      "icon_id": "20812019",
      "name": "现金回收统计",
      "font_class": "xianjinhuishoutongji",
      "unicode": "e6f1",
      "unicode_decimal": 59121
    },
    {
      "icon_id": "20809858",
      "name": "代位权",
      "font_class": "daiweiquan",
      "unicode": "e6bc",
      "unicode_decimal": 59068
    },
    {
      "icon_id": "20809859",
      "name": "对外投资",
      "font_class": "duiwaitouzi",
      "unicode": "e6bd",
      "unicode_decimal": 59069
    },
    {
      "icon_id": "20809860",
      "name": "动产抵押",
      "font_class": "dongchandiya",
      "unicode": "e6be",
      "unicode_decimal": 59070
    },
    {
      "icon_id": "20809861",
      "name": "股东信息",
      "font_class": "gudongxinxi",
      "unicode": "e6bf",
      "unicode_decimal": 59071
    },
    {
      "icon_id": "20809862",
      "name": "分支机构",
      "font_class": "fenzhijigou",
      "unicode": "e6c0",
      "unicode_decimal": 59072
    },
    {
      "icon_id": "20809863",
      "name": "基本信息",
      "font_class": "jibenxinxi",
      "unicode": "e6c1",
      "unicode_decimal": 59073
    },
    {
      "icon_id": "20809864",
      "name": "金融资产",
      "font_class": "jinrongzichan",
      "unicode": "e6c2",
      "unicode_decimal": 59074
    },
    {
      "icon_id": "20809865",
      "name": "股权质押",
      "font_class": "guquanzhiya",
      "unicode": "e6c3",
      "unicode_decimal": 59075
    },
    {
      "icon_id": "20809866",
      "name": "经营异常",
      "font_class": "jingyingyichang",
      "unicode": "e6c4",
      "unicode_decimal": 59076
    },
    {
      "icon_id": "20809867",
      "name": "工商变更",
      "font_class": "gongshangbiangeng",
      "unicode": "e6c5",
      "unicode_decimal": 59077
    },
    {
      "icon_id": "20809868",
      "name": "股权穿透图",
      "font_class": "guquanchuantoutu",
      "unicode": "e6c6",
      "unicode_decimal": 59078
    },
    {
      "icon_id": "20809869",
      "name": "税收违法",
      "font_class": "shuishouweifa",
      "unicode": "e6c7",
      "unicode_decimal": 59079
    },
    {
      "icon_id": "20809870",
      "name": "破产重组",
      "font_class": "pochanzhongzu",
      "unicode": "e6c8",
      "unicode_decimal": 59080
    },
    {
      "icon_id": "20809871",
      "name": "土地信息",
      "font_class": "tudixinxi",
      "unicode": "e6c9",
      "unicode_decimal": 59081
    },
    {
      "icon_id": "20809872",
      "name": "失信记录",
      "font_class": "shixinjilu",
      "unicode": "e6ca",
      "unicode_decimal": 59082
    },
    {
      "icon_id": "20809873",
      "name": "无形资产",
      "font_class": "wuxingzichan",
      "unicode": "e6cb",
      "unicode_decimal": 59083
    },
    {
      "icon_id": "20809874",
      "name": "严重违法",
      "font_class": "yanzhongweifa",
      "unicode": "e6cc",
      "unicode_decimal": 59084
    },
    {
      "icon_id": "20809875",
      "name": "涉诉信息",
      "font_class": "shesuxinxi",
      "unicode": "e6cd",
      "unicode_decimal": 59085
    },
    {
      "icon_id": "20809876",
      "name": "行政处罚",
      "font_class": "hangzhengchufa",
      "unicode": "e6ce",
      "unicode_decimal": 59086
    },
    {
      "icon_id": "20809877",
      "name": "招投标",
      "font_class": "zhaotoubiao",
      "unicode": "e6cf",
      "unicode_decimal": 59087
    },
    {
      "icon_id": "20809878",
      "name": "资产拍卖",
      "font_class": "zichanpaimai",
      "unicode": "e6d0",
      "unicode_decimal": 59088
    },
    {
      "icon_id": "20809879",
      "name": "主要人员",
      "font_class": "zhuyaorenyuan",
      "unicode": "e6d1",
      "unicode_decimal": 59089
    },
    {
      "icon_id": "20809202",
      "name": "金融资产结构化",
      "font_class": "jinrongzichanjiegouhua",
      "unicode": "e6b5",
      "unicode_decimal": 59061
    },
    {
      "icon_id": "20809203",
      "name": "结构化情况监控",
      "font_class": "jiegouhuaqingkuangjiankong",
      "unicode": "e6b6",
      "unicode_decimal": 59062
    },
    {
      "icon_id": "20809204",
      "name": "结构化检查",
      "font_class": "jiegouhuajiancha",
      "unicode": "e6b7",
      "unicode_decimal": 59063
    },
    {
      "icon_id": "20809205",
      "name": "破产重组结构化",
      "font_class": "pochanzhongzujiegouhua",
      "unicode": "e6b8",
      "unicode_decimal": 59064
    },
    {
      "icon_id": "20809206",
      "name": "账号管理",
      "font_class": "zhanghaoguanli",
      "unicode": "e6b9",
      "unicode_decimal": 59065
    },
    {
      "icon_id": "20809207",
      "name": "资产结构化",
      "font_class": "zichanjiegouhua",
      "unicode": "e6ba",
      "unicode_decimal": 59066
    },
    {
      "icon_id": "20809210",
      "name": "文书搜索",
      "font_class": "wenshusousuo",
      "unicode": "e6bb",
      "unicode_decimal": 59067
    },
    {
      "icon_id": "20807645",
      "name": "相机-面",
      "font_class": "xiangji-mian",
      "unicode": "e6b4",
      "unicode_decimal": 59060
    },
    {
      "icon_id": "20757924",
      "name": "添加人",
      "font_class": "tianjiaren",
      "unicode": "e6b3",
      "unicode_decimal": 59059
    },
    {
      "icon_id": "20757352",
      "name": "下-面",
      "font_class": "xia-mian1",
      "unicode": "e64e",
      "unicode_decimal": 58958
    },
    {
      "icon_id": "20757713",
      "name": "错-面",
      "font_class": "cuo-mian",
      "unicode": "e64f",
      "unicode_decimal": 58959
    },
    {
      "icon_id": "20757714",
      "name": "编辑1",
      "font_class": "bianji1",
      "unicode": "e650",
      "unicode_decimal": 58960
    },
    {
      "icon_id": "20757715",
      "name": "存储",
      "font_class": "cunchu",
      "unicode": "e651",
      "unicode_decimal": 58961
    },
    {
      "icon_id": "20757716",
      "name": "编辑2",
      "font_class": "bianji2",
      "unicode": "e652",
      "unicode_decimal": 58962
    },
    {
      "icon_id": "20757717",
      "name": "错-线圈",
      "font_class": "cuo-xianquan",
      "unicode": "e653",
      "unicode_decimal": 58963
    },
    {
      "icon_id": "20757718",
      "name": "导出",
      "font_class": "daochu",
      "unicode": "e654",
      "unicode_decimal": 58964
    },
    {
      "icon_id": "20757719",
      "name": "对-线",
      "font_class": "dui-xian",
      "unicode": "e655",
      "unicode_decimal": 58965
    },
    {
      "icon_id": "20757720",
      "name": "导入",
      "font_class": "daoru",
      "unicode": "e656",
      "unicode_decimal": 58966
    },
    {
      "icon_id": "20757721",
      "name": "对-线圈",
      "font_class": "dui-xianquan",
      "unicode": "e657",
      "unicode_decimal": 58967
    },
    {
      "icon_id": "20757722",
      "name": "错-线",
      "font_class": "cuo-xian",
      "unicode": "e658",
      "unicode_decimal": 58968
    },
    {
      "icon_id": "20757723",
      "name": "分享1",
      "font_class": "fenxiang1",
      "unicode": "e659",
      "unicode_decimal": 58969
    },
    {
      "icon_id": "20757724",
      "name": "地址-面",
      "font_class": "dizhi-mian",
      "unicode": "e65a",
      "unicode_decimal": 58970
    },
    {
      "icon_id": "20757725",
      "name": "对-面",
      "font_class": "dui-mian",
      "unicode": "e65b",
      "unicode_decimal": 58971
    },
    {
      "icon_id": "20757726",
      "name": "复制",
      "font_class": "fuzhi",
      "unicode": "e65c",
      "unicode_decimal": 58972
    },
    {
      "icon_id": "20757727",
      "name": "更多-线",
      "font_class": "gengduo-xian",
      "unicode": "e65d",
      "unicode_decimal": 58973
    },
    {
      "icon_id": "20757728",
      "name": "更多-面",
      "font_class": "gengduo-mian",
      "unicode": "e65e",
      "unicode_decimal": 58974
    },
    {
      "icon_id": "20757729",
      "name": "地址-线",
      "font_class": "dizhi-xian",
      "unicode": "e65f",
      "unicode_decimal": 58975
    },
    {
      "icon_id": "20757730",
      "name": "个人信息2",
      "font_class": "gerenxinxi2",
      "unicode": "e660",
      "unicode_decimal": 58976
    },
    {
      "icon_id": "20757731",
      "name": "分享2",
      "font_class": "fenxiang2",
      "unicode": "e661",
      "unicode_decimal": 58977
    },
    {
      "icon_id": "20757732",
      "name": "个人信息1",
      "font_class": "gerenxinxi1",
      "unicode": "e662",
      "unicode_decimal": 58978
    },
    {
      "icon_id": "20757733",
      "name": "关注-面",
      "font_class": "guanzhu-mian",
      "unicode": "e663",
      "unicode_decimal": 58979
    },
    {
      "icon_id": "20757734",
      "name": "减-线",
      "font_class": "jian-xian",
      "unicode": "e664",
      "unicode_decimal": 58980
    },
    {
      "icon_id": "20757735",
      "name": "加-面",
      "font_class": "jia-mian",
      "unicode": "e665",
      "unicode_decimal": 58981
    },
    {
      "icon_id": "20757736",
      "name": "减-面",
      "font_class": "jian-mian",
      "unicode": "e666",
      "unicode_decimal": 58982
    },
    {
      "icon_id": "20757737",
      "name": "加-线圈",
      "font_class": "jia-xianquan",
      "unicode": "e667",
      "unicode_decimal": 58983
    },
    {
      "icon_id": "20757738",
      "name": "加-线",
      "font_class": "jia-xian",
      "unicode": "e668",
      "unicode_decimal": 58984
    },
    {
      "icon_id": "20757739",
      "name": "红旗",
      "font_class": "hongqi",
      "unicode": "e669",
      "unicode_decimal": 58985
    },
    {
      "icon_id": "20757740",
      "name": "关注-线",
      "font_class": "guanzhu-xian",
      "unicode": "e66a",
      "unicode_decimal": 58986
    },
    {
      "icon_id": "20757741",
      "name": "金钱-面",
      "font_class": "jinqian-mian",
      "unicode": "e66b",
      "unicode_decimal": 58987
    },
    {
      "icon_id": "20757742",
      "name": "解锁",
      "font_class": "jiesuo",
      "unicode": "e66c",
      "unicode_decimal": 58988
    },
    {
      "icon_id": "20757743",
      "name": "减-线圈",
      "font_class": "jian-xianquan",
      "unicode": "e66d",
      "unicode_decimal": 58989
    },
    {
      "icon_id": "20757744",
      "name": "客服",
      "font_class": "kefu",
      "unicode": "e66e",
      "unicode_decimal": 58990
    },
    {
      "icon_id": "20757745",
      "name": "链接1",
      "font_class": "lianjie1",
      "unicode": "e66f",
      "unicode_decimal": 58991
    },
    {
      "icon_id": "20757746",
      "name": "垃圾箱",
      "font_class": "lajixiang",
      "unicode": "e670",
      "unicode_decimal": 58992
    },
    {
      "icon_id": "20757747",
      "name": "上-面",
      "font_class": "shang-mian",
      "unicode": "e671",
      "unicode_decimal": 58993
    },
    {
      "icon_id": "20757748",
      "name": "筛选",
      "font_class": "shaixuan",
      "unicode": "e672",
      "unicode_decimal": 58994
    },
    {
      "icon_id": "20757749",
      "name": "链接2",
      "font_class": "lianjie2",
      "unicode": "e673",
      "unicode_decimal": 58995
    },
    {
      "icon_id": "20757750",
      "name": "金钱-线圈",
      "font_class": "jinqian-xianquan",
      "unicode": "e674",
      "unicode_decimal": 58996
    },
    {
      "icon_id": "20757751",
      "name": "上传",
      "font_class": "shangchuan",
      "unicode": "e675",
      "unicode_decimal": 58997
    },
    {
      "icon_id": "20757752",
      "name": "日期",
      "font_class": "riqi",
      "unicode": "e676",
      "unicode_decimal": 58998
    },
    {
      "icon_id": "20757753",
      "name": "链接3",
      "font_class": "lianjie3",
      "unicode": "e677",
      "unicode_decimal": 58999
    },
    {
      "icon_id": "20757754",
      "name": "上-线圈",
      "font_class": "shang-xianquan",
      "unicode": "e678",
      "unicode_decimal": 59000
    },
    {
      "icon_id": "20757755",
      "name": "设置-面",
      "font_class": "shezhi-mian",
      "unicode": "e679",
      "unicode_decimal": 59001
    },
    {
      "icon_id": "20757756",
      "name": "上-线",
      "font_class": "shang-xian",
      "unicode": "e67a",
      "unicode_decimal": 59002
    },
    {
      "icon_id": "20757757",
      "name": "设置-线",
      "font_class": "shezhi-xian",
      "unicode": "e67b",
      "unicode_decimal": 59003
    },
    {
      "icon_id": "20757758",
      "name": "时间-线圈",
      "font_class": "shijian-xianquan",
      "unicode": "e67c",
      "unicode_decimal": 59004
    },
    {
      "icon_id": "20757759",
      "name": "书籍",
      "font_class": "shuji",
      "unicode": "e67d",
      "unicode_decimal": 59005
    },
    {
      "icon_id": "20757760",
      "name": "时间-面",
      "font_class": "shijian-mian",
      "unicode": "e67e",
      "unicode_decimal": 59006
    },
    {
      "icon_id": "20757761",
      "name": "刷新1",
      "font_class": "shuaxin1",
      "unicode": "e67f",
      "unicode_decimal": 59007
    },
    {
      "icon_id": "20757762",
      "name": "收藏-面",
      "font_class": "shoucang-mian",
      "unicode": "e680",
      "unicode_decimal": 59008
    },
    {
      "icon_id": "20757763",
      "name": "叹号-面",
      "font_class": "tanhao-mian",
      "unicode": "e681",
      "unicode_decimal": 59009
    },
    {
      "icon_id": "20757764",
      "name": "搜索",
      "font_class": "sousuo",
      "unicode": "e682",
      "unicode_decimal": 59010
    },
    {
      "icon_id": "20757766",
      "name": "锁",
      "font_class": "suo",
      "unicode": "e684",
      "unicode_decimal": 59012
    },
    {
      "icon_id": "20757767",
      "name": "收藏-线",
      "font_class": "shoucang-xian",
      "unicode": "e685",
      "unicode_decimal": 59013
    },
    {
      "icon_id": "20757768",
      "name": "叹号-线圈",
      "font_class": "tanhao-xianquan",
      "unicode": "e686",
      "unicode_decimal": 59014
    },
    {
      "icon_id": "20757769",
      "name": "提醒-面",
      "font_class": "tixing-mian",
      "unicode": "e687",
      "unicode_decimal": 59015
    },
    {
      "icon_id": "20757771",
      "name": "添加1",
      "font_class": "tianjia1",
      "unicode": "e688",
      "unicode_decimal": 59016
    },
    {
      "icon_id": "20757772",
      "name": "统计1",
      "font_class": "tongji1",
      "unicode": "e689",
      "unicode_decimal": 59017
    },
    {
      "icon_id": "20757773",
      "name": "退出登录1",
      "font_class": "tuichudenglu1",
      "unicode": "e68a",
      "unicode_decimal": 59018
    },
    {
      "icon_id": "20757774",
      "name": "统计2",
      "font_class": "tongji2",
      "unicode": "e68b",
      "unicode_decimal": 59019
    },
    {
      "icon_id": "20757775",
      "name": "提醒-线",
      "font_class": "tixing-xian",
      "unicode": "e68c",
      "unicode_decimal": 59020
    },
    {
      "icon_id": "20757776",
      "name": "退出登录2",
      "font_class": "tuichudenglu2",
      "unicode": "e68d",
      "unicode_decimal": 59021
    },
    {
      "icon_id": "20757777",
      "name": "文件夹",
      "font_class": "wenjianjia",
      "unicode": "e68e",
      "unicode_decimal": 59022
    },
    {
      "icon_id": "20757778",
      "name": "添加2",
      "font_class": "tianjia2",
      "unicode": "e68f",
      "unicode_decimal": 59023
    },
    {
      "icon_id": "20757779",
      "name": "未读信封",
      "font_class": "weiduxinfeng",
      "unicode": "e690",
      "unicode_decimal": 59024
    },
    {
      "icon_id": "20757780",
      "name": "统计4",
      "font_class": "tongji4",
      "unicode": "e691",
      "unicode_decimal": 59025
    },
    {
      "icon_id": "20757781",
      "name": "文件1",
      "font_class": "wenjian1",
      "unicode": "e692",
      "unicode_decimal": 59026
    },
    {
      "icon_id": "20757782",
      "name": "问号-面",
      "font_class": "wenhao-mian",
      "unicode": "e693",
      "unicode_decimal": 59027
    },
    {
      "icon_id": "20757783",
      "name": "统计3",
      "font_class": "tongji3",
      "unicode": "e694",
      "unicode_decimal": 59028
    },
    {
      "icon_id": "20757784",
      "name": "下-面",
      "font_class": "xia-mian",
      "unicode": "e695",
      "unicode_decimal": 59029
    },
    {
      "icon_id": "20757785",
      "name": "我的",
      "font_class": "wode",
      "unicode": "e696",
      "unicode_decimal": 59030
    },
    {
      "icon_id": "20757787",
      "name": "图片",
      "font_class": "tupian",
      "unicode": "e698",
      "unicode_decimal": 59032
    },
    {
      "icon_id": "20757788",
      "name": "文件2",
      "font_class": "wenjian2",
      "unicode": "e699",
      "unicode_decimal": 59033
    },
    {
      "icon_id": "20757789",
      "name": "下-线",
      "font_class": "xia-xian",
      "unicode": "e69a",
      "unicode_decimal": 59034
    },
    {
      "icon_id": "20757790",
      "name": "下-线圈",
      "font_class": "xia-xianquan",
      "unicode": "e69b",
      "unicode_decimal": 59035
    },
    {
      "icon_id": "20757792",
      "name": "相机-线",
      "font_class": "xiangji-xian",
      "unicode": "e69c",
      "unicode_decimal": 59036
    },
    {
      "icon_id": "20757793",
      "name": "消息-面1",
      "font_class": "xiaoxi-mian1",
      "unicode": "e69d",
      "unicode_decimal": 59037
    },
    {
      "icon_id": "20757794",
      "name": "未知文件",
      "font_class": "weizhiwenjian",
      "unicode": "e69e",
      "unicode_decimal": 59038
    },
    {
      "icon_id": "20757795",
      "name": "文件夹2",
      "font_class": "wenjianjia2",
      "unicode": "e69f",
      "unicode_decimal": 59039
    },
    {
      "icon_id": "20757797",
      "name": "消息-线1",
      "font_class": "xiaoxi-xian1",
      "unicode": "e6a0",
      "unicode_decimal": 59040
    },
    {
      "icon_id": "20757799",
      "name": "消息-面2",
      "font_class": "xiaoxi-mian2",
      "unicode": "e6a2",
      "unicode_decimal": 59042
    },
    {
      "icon_id": "20757800",
      "name": "右-面",
      "font_class": "you-mian",
      "unicode": "e6a3",
      "unicode_decimal": 59043
    },
    {
      "icon_id": "20757801",
      "name": "已读信封",
      "font_class": "yiduxinfeng",
      "unicode": "e6a4",
      "unicode_decimal": 59044
    },
    {
      "icon_id": "20757802",
      "name": "右-线圈",
      "font_class": "you-xianquan",
      "unicode": "e6a5",
      "unicode_decimal": 59045
    },
    {
      "icon_id": "20757803",
      "name": "左-线",
      "font_class": "zuo-xian",
      "unicode": "e6a6",
      "unicode_decimal": 59046
    },
    {
      "icon_id": "20757804",
      "name": "左-面",
      "font_class": "zuo-mian",
      "unicode": "e6a7",
      "unicode_decimal": 59047
    },
    {
      "icon_id": "20757805",
      "name": "消息-面3",
      "font_class": "xiaoxi-mian3",
      "unicode": "e6a8",
      "unicode_decimal": 59048
    },
    {
      "icon_id": "20757806",
      "name": "修改密码",
      "font_class": "xiugaimima",
      "unicode": "e6a9",
      "unicode_decimal": 59049
    },
    {
      "icon_id": "20757807",
      "name": "下载",
      "font_class": "xiazai",
      "unicode": "e6aa",
      "unicode_decimal": 59050
    },
    {
      "icon_id": "20757808",
      "name": "pdf",
      "font_class": "pdf",
      "unicode": "e6ab",
      "unicode_decimal": 59051
    },
    {
      "icon_id": "20757809",
      "name": "excile",
      "font_class": "excile",
      "unicode": "e6ac",
      "unicode_decimal": 59052
    },
    {
      "icon_id": "20757810",
      "name": "左-线圈",
      "font_class": "zuo-xianquan",
      "unicode": "e6ad",
      "unicode_decimal": 59053
    },
    {
      "icon_id": "20757811",
      "name": "通讯录",
      "font_class": "tongxunlu",
      "unicode": "e6ae",
      "unicode_decimal": 59054
    },
    {
      "icon_id": "20757812",
      "name": "消息-线3",
      "font_class": "xiaoxi-xian3",
      "unicode": "e6af",
      "unicode_decimal": 59055
    },
    {
      "icon_id": "20757813",
      "name": "jpg",
      "font_class": "jpg",
      "unicode": "e6b0",
      "unicode_decimal": 59056
    },
    {
      "icon_id": "20757814",
      "name": "右-线",
      "font_class": "you-xian",
      "unicode": "e6b1",
      "unicode_decimal": 59057
    },
    {
      "icon_id": "20757815",
      "name": "word",
      "font_class": "word",
      "unicode": "e6b2",
      "unicode_decimal": 59058
    }
  ]
}
